{
  "TD3": {
    "77": 2687.290833711624,
    "200": 2681.846748828888,
    "431": 2686.0422265529633
  }
}